,,,,,,,,,This sheet will automatically calculate your sets for each lift for the whole 5/3/1 cycle.
,Cycle 1: Apr 7 to May 2,,,,,,,1.,"Enter Cycle #, start date and end date"
,,,Personal One Rep Maxes,,,,,,
,,,,Squat,Bench,Deadlift,Press,,
,,,1RM,,,,,2.,Enter your 1 rep max for each lift
,,EDIT THIS ==>,Training Max,0,0,0,0,,
,,,Week 3 1RM,,,,,,
,,,,,,,,,
,Week 1: Feb 3rd to Feb 7th,,,,,,,,
,Sets,Reps,Percentage,Mon: Squat,Tue: Bench,Thu: Deadlift,Fri: Press,,
,Warmup 1,5,0.4,0,0,0,0,,
,Warmup 2,5,0.5,0,0,0,0,,
,Warmup 3,3,0.6,0,0,0,0,,
,1,5,0.65,0,0,0,0,,
,2,5,0.75,0,0,0,0,,
,3,5+,0.85,0,0,0,0,,
,Reps +,,,,,,,3.,"<- On your last set, put down # of reps for your last set"
,New Calculated 1RM,,, , , , ,,<- This automatically calculates your new 1 rep max based on your # of reps
,Workout finished,,,,,,,,
,,,,,,,,,
,Week 2: Feb 10th to Feb 14th,,,,,,,,
,Sets,Reps,Percentage,Mon: Squat,Tue: Bench,Thu: Deadlift,Fri: Press,,
,Warmup 1,5,0.4,0,0,0,0,,
,Warmup 2,5,0.5,0,0,0,0,,
,Warmup 3,3,0.6,0,0,0,0,,
,1,3,70,0,0,0,0,,
,2,3,80,0,0,0,0,,
,3,3+,90,0,0,0,0,,
,Reps +,,,,,,,,
,New Calculated 1RM,,, , , , ,,
,Workout finished,,,,,,,,
,,,,,,,,,
,Week 3: Feb 17th to Feb 21st,,,,,,,,
,Sets,Reps,Percentage,Mon: Squat,Tue: Bench,Thu: Deadlift,Fri: Press,,
,Warmup 1,5,0.4,0,0,0,0,,
,Warmup 2,5,0.5,0,0,0,0,,
,Warmup 3,3,0.6,0,0,0,0,,
,1,5,75,0,0,0,0,,
,2,3,85,0,0,0,0,,
,3,1+,95,0,0,0,0,,
,Reps +,,,,,,,,
,New Calculated 1RM,,, , , , ,,
,Workout finished,,,,,,,,
,,,,,,,,,
,Week 4 (deload) Feb 24th to Feb 28th,,,,,,,,
,Sets,Reps,Percentage,Mon: Squat,Tue: Bench,Thu: Deadlift,Fri: Press,,
,Warmup 1,5,0.4,0,0,0,0,,
,Warmup 2,5,0.5,0,0,0,0,,
,Warmup 3,3,0.6,0,0,0,0,,
,1,5,40,0,0,0,0,,
,2,5,50,0,0,0,0,,
,3,5+,60,0,0,0,0,,
,Reps +,,,,,,,,
,New Calculated 1RM,,, , , , ,,
,Workout finished,,,,,,,,